taxonKey,scientificName,iucnRedListCategory,specificEpithet,species
2308740,Pontoscolex,NULL,NULL,NULL
9512479,"Liodrilus mendesi Righi, 1994",NE,mendesi,Liodrilus mendesi
9512479,"Liodrilus mendesi Righi, 1994",NE,mendesi,Liodrilus mendesi
2308740,Pontoscolex,NULL,NULL,NULL
2308740,Pontoscolex,NULL,NULL,NULL
7236626,"Heteromastus Eisig, 1887",NULL,NULL,NULL
2308741,"Pontoscolex corethrurus (Muller, 1856)",NE,corethrurus,Pontoscolex corethrurus
2316376,"Laeonereis culveri (Webster, 1879)",NE,culveri,Laeonereis culveri
2308740,Pontoscolex,NULL,NULL,NULL
2308740,Pontoscolex,NULL,NULL,NULL
0,incertae sedis,NULL,NULL,NULL
2308740,Pontoscolex,NULL,NULL,NULL
2308740,Pontoscolex,NULL,NULL,NULL
9512479,"Liodrilus mendesi Righi, 1994",NE,mendesi,Liodrilus mendesi
2308740,Pontoscolex,NULL,NULL,NULL
2316247,"Neanthes Kinberg, 1865",NULL,NULL,NULL
11003839,"Rhinodrilus antonioi Hernández-García & Sousa, 2020",NE,antonioi,Rhinodrilus antonioi
9512479,"Liodrilus mendesi Righi, 1994",NE,mendesi,Liodrilus mendesi
2308741,"Pontoscolex corethrurus (Muller, 1856)",NE,corethrurus,Pontoscolex corethrurus
2308740,Pontoscolex,NULL,NULL,NULL
9546247,"Hyperiodrilus africanus Beddard, 1891",NE,africanus,Hyperiodrilus africanus
2316674,"Sigambra grubii Müller, 1858",NE,grubii,Sigambra grubii
2308740,Pontoscolex,NULL,NULL,NULL
2318007,"Capitella Blainville, 1828",NULL,NULL,NULL
2316367,"Laeonereis Hartman, 1945",NULL,NULL,NULL
2308740,Pontoscolex,NULL,NULL,NULL
2308741,"Pontoscolex corethrurus (Muller, 1856)",NE,corethrurus,Pontoscolex corethrurus
2308740,Pontoscolex,NULL,NULL,NULL
2308740,Pontoscolex,NULL,NULL,NULL
2308740,Pontoscolex,NULL,NULL,NULL
2316674,"Sigambra grubii Müller, 1858",NE,grubii,Sigambra grubii
2316376,"Laeonereis culveri (Webster, 1879)",NE,culveri,Laeonereis culveri
2308740,Pontoscolex,NULL,NULL,NULL
0,incertae sedis,NULL,NULL,NULL
2308740,Pontoscolex,NULL,NULL,NULL
9512479,"Liodrilus mendesi Righi, 1994",NE,mendesi,Liodrilus mendesi
2308740,Pontoscolex,NULL,NULL,NULL
2308740,Pontoscolex,NULL,NULL,NULL
2308741,"Pontoscolex corethrurus (Muller, 1856)",NE,corethrurus,Pontoscolex corethrurus
2308741,"Pontoscolex corethrurus (Muller, 1856)",NE,corethrurus,Pontoscolex corethrurus
2308740,Pontoscolex,NULL,NULL,NULL
9512479,"Liodrilus mendesi Righi, 1994",NE,mendesi,Liodrilus mendesi
2317033,"Nephtys fluviatilis Monro, 1937",NE,fluviatilis,Nephtys fluviatilis
2316376,"Laeonereis culveri (Webster, 1879)",NE,culveri,Laeonereis culveri
2308740,Pontoscolex,NULL,NULL,NULL
2317033,"Nephtys fluviatilis Monro, 1937",NE,fluviatilis,Nephtys fluviatilis
2308740,Pontoscolex,NULL,NULL,NULL
2308740,Pontoscolex,NULL,NULL,NULL
2308740,Pontoscolex,NULL,NULL,NULL
2308740,Pontoscolex,NULL,NULL,NULL
9546247,"Hyperiodrilus africanus Beddard, 1891",NE,africanus,Hyperiodrilus africanus
2308741,"Pontoscolex corethrurus (Muller, 1856)",NE,corethrurus,Pontoscolex corethrurus
2308741,"Pontoscolex corethrurus (Muller, 1856)",NE,corethrurus,Pontoscolex corethrurus
9308346,"Righiodrilus tocantinensis (Righi, 1972)",NE,tocantinensis,Righiodrilus tocantinensis
2308740,Pontoscolex,NULL,NULL,NULL
2308740,Pontoscolex,NULL,NULL,NULL
2316659,"Sigambra Müller, 1858",NULL,NULL,NULL
2318007,"Capitella Blainville, 1828",NULL,NULL,NULL
2308740,Pontoscolex,NULL,NULL,NULL
2308741,"Pontoscolex corethrurus (Muller, 1856)",NE,corethrurus,Pontoscolex corethrurus
2308740,Pontoscolex,NULL,NULL,NULL
2308740,Pontoscolex,NULL,NULL,NULL
2308741,"Pontoscolex corethrurus (Muller, 1856)",NE,corethrurus,Pontoscolex corethrurus
2308740,Pontoscolex,NULL,NULL,NULL
2316674,"Sigambra grubii Müller, 1858",NE,grubii,Sigambra grubii
2318072,"Notomastus M.Sars, 1851",NULL,NULL,NULL
2316674,"Sigambra grubii Müller, 1858",NE,grubii,Sigambra grubii
2308740,Pontoscolex,NULL,NULL,NULL
2316659,"Sigambra Müller, 1858",NULL,NULL,NULL
2311081,"Aphrodita Linnaeus, 1758",NULL,NULL,NULL
2308740,Pontoscolex,NULL,NULL,NULL
2317033,"Nephtys fluviatilis Monro, 1937",NE,fluviatilis,Nephtys fluviatilis
2308741,"Pontoscolex corethrurus (Muller, 1856)",NE,corethrurus,Pontoscolex corethrurus
2308741,"Pontoscolex corethrurus (Muller, 1856)",NE,corethrurus,Pontoscolex corethrurus
2316674,"Sigambra grubii Müller, 1858",NE,grubii,Sigambra grubii
9372448,"Urobenus petrerei Righi, 1985",NE,petrerei,Urobenus petrerei
4410234,"Dichogaster affinis (Michaelsen, 1890)",NE,affinis,Benhamia affinis
9512479,"Liodrilus mendesi Righi, 1994",NE,mendesi,Liodrilus mendesi
2308741,"Pontoscolex corethrurus (Muller, 1856)",NE,corethrurus,Pontoscolex corethrurus
11003839,"Rhinodrilus antonioi Hernández-García & Sousa, 2020",NE,antonioi,Rhinodrilus antonioi
2308740,Pontoscolex,NULL,NULL,NULL
2308740,Pontoscolex,NULL,NULL,NULL
2308740,Pontoscolex,NULL,NULL,NULL
2308740,Pontoscolex,NULL,NULL,NULL
2308740,Pontoscolex,NULL,NULL,NULL
2308740,Pontoscolex,NULL,NULL,NULL
2316659,"Sigambra Müller, 1858",NULL,NULL,NULL
11003839,"Rhinodrilus antonioi Hernández-García & Sousa, 2020",NE,antonioi,Rhinodrilus antonioi
2308741,"Pontoscolex corethrurus (Muller, 1856)",NE,corethrurus,Pontoscolex corethrurus
2318072,"Notomastus M.Sars, 1851",NULL,NULL,NULL
4410238,"Dichogaster bolaui (Michaelsen, 1891)",NE,bolaui,Dichogaster bolaui
4410238,"Dichogaster bolaui (Michaelsen, 1891)",NE,bolaui,Dichogaster bolaui
2308740,Pontoscolex,NULL,NULL,NULL
2316376,"Laeonereis culveri (Webster, 1879)",NE,culveri,Laeonereis culveri
2308741,"Pontoscolex corethrurus (Muller, 1856)",NE,corethrurus,Pontoscolex corethrurus
2308740,Pontoscolex,NULL,NULL,NULL
2316376,"Laeonereis culveri (Webster, 1879)",NE,culveri,Laeonereis culveri
2316659,"Sigambra Müller, 1858",NULL,NULL,NULL
2308740,Pontoscolex,NULL,NULL,NULL
2308740,Pontoscolex,NULL,NULL,NULL
2308740,Pontoscolex,NULL,NULL,NULL
2308740,Pontoscolex,NULL,NULL,NULL
2308740,Pontoscolex,NULL,NULL,NULL
2308740,Pontoscolex,NULL,NULL,NULL
2308741,"Pontoscolex corethrurus (Muller, 1856)",NE,corethrurus,Pontoscolex corethrurus
2318007,"Capitella Blainville, 1828",NULL,NULL,NULL
2318007,"Capitella Blainville, 1828",NULL,NULL,NULL
4410238,"Dichogaster bolaui (Michaelsen, 1891)",NE,bolaui,Dichogaster bolaui
11003839,"Rhinodrilus antonioi Hernández-García & Sousa, 2020",NE,antonioi,Rhinodrilus antonioi
2316376,"Laeonereis culveri (Webster, 1879)",NE,culveri,Laeonereis culveri
2308740,Pontoscolex,NULL,NULL,NULL
2318007,"Capitella Blainville, 1828",NULL,NULL,NULL
2316247,"Neanthes Kinberg, 1865",NULL,NULL,NULL
2326462,"Phragmatopoma caudata Krøyer, 1863",NE,caudata,Phragmatopoma caudata
2308741,"Pontoscolex corethrurus (Muller, 1856)",NE,corethrurus,Pontoscolex corethrurus
9512479,"Liodrilus mendesi Righi, 1994",NE,mendesi,Liodrilus mendesi
2326462,"Phragmatopoma caudata Krøyer, 1863",NE,caudata,Phragmatopoma caudata
7236626,"Heteromastus Eisig, 1887",NULL,NULL,NULL
2308740,Pontoscolex,NULL,NULL,NULL
2308740,Pontoscolex,NULL,NULL,NULL
2308740,Pontoscolex,NULL,NULL,NULL
2308740,Pontoscolex,NULL,NULL,NULL
2308740,Pontoscolex,NULL,NULL,NULL
2308740,Pontoscolex,NULL,NULL,NULL
2308740,Pontoscolex,NULL,NULL,NULL
2315332,"Namalycastis Hartman, 1959",NULL,NULL,NULL
2308740,Pontoscolex,NULL,NULL,NULL
2318072,"Notomastus M.Sars, 1851",NULL,NULL,NULL
2311081,"Aphrodita Linnaeus, 1758",NULL,NULL,NULL
2308740,Pontoscolex,NULL,NULL,NULL
2308741,"Pontoscolex corethrurus (Muller, 1856)",NE,corethrurus,Pontoscolex corethrurus
2308740,Pontoscolex,NULL,NULL,NULL
2308740,Pontoscolex,NULL,NULL,NULL
2308740,Pontoscolex,NULL,NULL,NULL
2308740,Pontoscolex,NULL,NULL,NULL
2318007,"Capitella Blainville, 1828",NULL,NULL,NULL
2317033,"Nephtys fluviatilis Monro, 1937",NE,fluviatilis,Nephtys fluviatilis
2308741,"Pontoscolex corethrurus (Muller, 1856)",NE,corethrurus,Pontoscolex corethrurus
2318007,"Capitella Blainville, 1828",NULL,NULL,NULL
2308740,Pontoscolex,NULL,NULL,NULL
2308740,Pontoscolex,NULL,NULL,NULL
2308740,Pontoscolex,NULL,NULL,NULL
2308740,Pontoscolex,NULL,NULL,NULL
2308740,Pontoscolex,NULL,NULL,NULL
9512479,"Liodrilus mendesi Righi, 1994",NE,mendesi,Liodrilus mendesi
2308740,Pontoscolex,NULL,NULL,NULL
2308741,"Pontoscolex corethrurus (Muller, 1856)",NE,corethrurus,Pontoscolex corethrurus
2308740,Pontoscolex,NULL,NULL,NULL
2308740,Pontoscolex,NULL,NULL,NULL
2308740,Pontoscolex,NULL,NULL,NULL
4410234,"Dichogaster affinis (Michaelsen, 1890)",NE,affinis,Benhamia affinis
2316674,"Sigambra grubii Müller, 1858",NE,grubii,Sigambra grubii
2308740,Pontoscolex,NULL,NULL,NULL
9308346,"Righiodrilus tocantinensis (Righi, 1972)",NE,tocantinensis,Righiodrilus tocantinensis
9308346,"Righiodrilus tocantinensis (Righi, 1972)",NE,tocantinensis,Righiodrilus tocantinensis
2318072,"Notomastus M.Sars, 1851",NULL,NULL,NULL
4410238,"Dichogaster bolaui (Michaelsen, 1891)",NE,bolaui,Dichogaster bolaui
2316674,"Sigambra grubii Müller, 1858",NE,grubii,Sigambra grubii
7236626,"Heteromastus Eisig, 1887",NULL,NULL,NULL
2308740,Pontoscolex,NULL,NULL,NULL
2308740,Pontoscolex,NULL,NULL,NULL
11003839,"Rhinodrilus antonioi Hernández-García & Sousa, 2020",NE,antonioi,Rhinodrilus antonioi
2308740,Pontoscolex,NULL,NULL,NULL
2308740,Pontoscolex,NULL,NULL,NULL
2308740,Pontoscolex,NULL,NULL,NULL
2308741,"Pontoscolex corethrurus (Muller, 1856)",NE,corethrurus,Pontoscolex corethrurus
2316247,"Neanthes Kinberg, 1865",NULL,NULL,NULL
2308740,Pontoscolex,NULL,NULL,NULL
2308106,"Nereis Linnaeus, 1758",NULL,NULL,NULL
2308741,"Pontoscolex corethrurus (Muller, 1856)",NE,corethrurus,Pontoscolex corethrurus
2316674,"Sigambra grubii Müller, 1858",NE,grubii,Sigambra grubii
2308740,Pontoscolex,NULL,NULL,NULL
2308740,Pontoscolex,NULL,NULL,NULL
0,incertae sedis,NULL,NULL,NULL
9546247,"Hyperiodrilus africanus Beddard, 1891",NE,africanus,Hyperiodrilus africanus
2316674,"Sigambra grubii Müller, 1858",NE,grubii,Sigambra grubii
2308740,Pontoscolex,NULL,NULL,NULL
2308740,Pontoscolex,NULL,NULL,NULL
8166676,Oligochaeta,NULL,NULL,NULL
9512479,"Liodrilus mendesi Righi, 1994",NE,mendesi,Liodrilus mendesi
9588531,"Urobenus brasiliensis Benham, 1886",NE,brasiliensis,Rhinodrilus brasiliensis
2308740,Pontoscolex,NULL,NULL,NULL
11003839,"Rhinodrilus antonioi Hernández-García & Sousa, 2020",NE,antonioi,Rhinodrilus antonioi
9546247,"Hyperiodrilus africanus Beddard, 1891",NE,africanus,Hyperiodrilus africanus
2316247,"Neanthes Kinberg, 1865",NULL,NULL,NULL
2308740,Pontoscolex,NULL,NULL,NULL
2316674,"Sigambra grubii Müller, 1858",NE,grubii,Sigambra grubii
255,Clitellata,NE,NULL,NULL
2316799,"Aglaophamus Kinberg, 1866",NULL,NULL,NULL
2308740,Pontoscolex,NULL,NULL,NULL
2308740,Pontoscolex,NULL,NULL,NULL
2308740,Pontoscolex,NULL,NULL,NULL
2308740,Pontoscolex,NULL,NULL,NULL
2308740,Pontoscolex,NULL,NULL,NULL
9372448,"Urobenus petrerei Righi, 1985",NE,petrerei,Urobenus petrerei
2308740,Pontoscolex,NULL,NULL,NULL
2308740,Pontoscolex,NULL,NULL,NULL
2326462,"Phragmatopoma caudata Krøyer, 1863",NE,caudata,Phragmatopoma caudata
2316376,"Laeonereis culveri (Webster, 1879)",NE,culveri,Laeonereis culveri
2316674,"Sigambra grubii Müller, 1858",NE,grubii,Sigambra grubii
9372448,"Urobenus petrerei Righi, 1985",NE,petrerei,Urobenus petrerei
4410234,"Dichogaster affinis (Michaelsen, 1890)",NE,affinis,Benhamia affinis
2308740,Pontoscolex,NULL,NULL,NULL
11003839,"Rhinodrilus antonioi Hernández-García & Sousa, 2020",NE,antonioi,Rhinodrilus antonioi
2316659,"Sigambra Müller, 1858",NULL,NULL,NULL
2308741,"Pontoscolex corethrurus (Muller, 1856)",NE,corethrurus,Pontoscolex corethrurus
2316376,"Laeonereis culveri (Webster, 1879)",NE,culveri,Laeonereis culveri
2308740,Pontoscolex,NULL,NULL,NULL
2308741,"Pontoscolex corethrurus (Muller, 1856)",NE,corethrurus,Pontoscolex corethrurus
2308741,"Pontoscolex corethrurus (Muller, 1856)",NE,corethrurus,Pontoscolex corethrurus
2316674,"Sigambra grubii Müller, 1858",NE,grubii,Sigambra grubii
2308740,Pontoscolex,NULL,NULL,NULL
2316799,"Aglaophamus Kinberg, 1866",NULL,NULL,NULL
2316674,"Sigambra grubii Müller, 1858",NE,grubii,Sigambra grubii
2308740,Pontoscolex,NULL,NULL,NULL
2308740,Pontoscolex,NULL,NULL,NULL
2308740,Pontoscolex,NULL,NULL,NULL
4410234,"Dichogaster affinis (Michaelsen, 1890)",NE,affinis,Benhamia affinis
2308740,Pontoscolex,NULL,NULL,NULL
4410238,"Dichogaster bolaui (Michaelsen, 1891)",NE,bolaui,Dichogaster bolaui
2308741,"Pontoscolex corethrurus (Muller, 1856)",NE,corethrurus,Pontoscolex corethrurus
9308346,"Righiodrilus tocantinensis (Righi, 1972)",NE,tocantinensis,Righiodrilus tocantinensis
2308740,Pontoscolex,NULL,NULL,NULL
2318007,"Capitella Blainville, 1828",NULL,NULL,NULL
2316674,"Sigambra grubii Müller, 1858",NE,grubii,Sigambra grubii
4410238,"Dichogaster bolaui (Michaelsen, 1891)",NE,bolaui,Dichogaster bolaui
9372448,"Urobenus petrerei Righi, 1985",NE,petrerei,Urobenus petrerei
2308740,Pontoscolex,NULL,NULL,NULL
2318072,"Notomastus M.Sars, 1851",NULL,NULL,NULL
4410238,"Dichogaster bolaui (Michaelsen, 1891)",NE,bolaui,Dichogaster bolaui
2308741,"Pontoscolex corethrurus (Muller, 1856)",NE,corethrurus,Pontoscolex corethrurus
2308741,"Pontoscolex corethrurus (Muller, 1856)",NE,corethrurus,Pontoscolex corethrurus
2308741,"Pontoscolex corethrurus (Muller, 1856)",NE,corethrurus,Pontoscolex corethrurus
2317033,"Nephtys fluviatilis Monro, 1937",NE,fluviatilis,Nephtys fluviatilis
2318072,"Notomastus M.Sars, 1851",NULL,NULL,NULL
2308740,Pontoscolex,NULL,NULL,NULL
4410238,"Dichogaster bolaui (Michaelsen, 1891)",NE,bolaui,Dichogaster bolaui
2318007,"Capitella Blainville, 1828",NULL,NULL,NULL
2308740,Pontoscolex,NULL,NULL,NULL
2317033,"Nephtys fluviatilis Monro, 1937",NE,fluviatilis,Nephtys fluviatilis
2308740,Pontoscolex,NULL,NULL,NULL
2308740,Pontoscolex,NULL,NULL,NULL
2308740,Pontoscolex,NULL,NULL,NULL
2317033,"Nephtys fluviatilis Monro, 1937",NE,fluviatilis,Nephtys fluviatilis
2308740,Pontoscolex,NULL,NULL,NULL
2308740,Pontoscolex,NULL,NULL,NULL
2318072,"Notomastus M.Sars, 1851",NULL,NULL,NULL
2308740,Pontoscolex,NULL,NULL,NULL
2308741,"Pontoscolex corethrurus (Muller, 1856)",NE,corethrurus,Pontoscolex corethrurus
2308740,Pontoscolex,NULL,NULL,NULL
2318007,"Capitella Blainville, 1828",NULL,NULL,NULL
2308740,Pontoscolex,NULL,NULL,NULL
9372448,"Urobenus petrerei Righi, 1985",NE,petrerei,Urobenus petrerei
4410238,"Dichogaster bolaui (Michaelsen, 1891)",NE,bolaui,Dichogaster bolaui
2308740,Pontoscolex,NULL,NULL,NULL
9372448,"Urobenus petrerei Righi, 1985",NE,petrerei,Urobenus petrerei
2318007,"Capitella Blainville, 1828",NULL,NULL,NULL
2318072,"Notomastus M.Sars, 1851",NULL,NULL,NULL
2308740,Pontoscolex,NULL,NULL,NULL
2308740,Pontoscolex,NULL,NULL,NULL
2308740,Pontoscolex,NULL,NULL,NULL
2316674,"Sigambra grubii Müller, 1858",NE,grubii,Sigambra grubii
2316674,"Sigambra grubii Müller, 1858",NE,grubii,Sigambra grubii
2308741,"Pontoscolex corethrurus (Muller, 1856)",NE,corethrurus,Pontoscolex corethrurus
2316674,"Sigambra grubii Müller, 1858",NE,grubii,Sigambra grubii
9512479,"Liodrilus mendesi Righi, 1994",NE,mendesi,Liodrilus mendesi
2308740,Pontoscolex,NULL,NULL,NULL
2316674,"Sigambra grubii Müller, 1858",NE,grubii,Sigambra grubii
2308740,Pontoscolex,NULL,NULL,NULL
2308741,"Pontoscolex corethrurus (Muller, 1856)",NE,corethrurus,Pontoscolex corethrurus
2308741,"Pontoscolex corethrurus (Muller, 1856)",NE,corethrurus,Pontoscolex corethrurus
2318072,"Notomastus M.Sars, 1851",NULL,NULL,NULL
9372448,"Urobenus petrerei Righi, 1985",NE,petrerei,Urobenus petrerei
2308740,Pontoscolex,NULL,NULL,NULL
2308740,Pontoscolex,NULL,NULL,NULL
2316674,"Sigambra grubii Müller, 1858",NE,grubii,Sigambra grubii
2308740,Pontoscolex,NULL,NULL,NULL
9512479,"Liodrilus mendesi Righi, 1994",NE,mendesi,Liodrilus mendesi
2316376,"Laeonereis culveri (Webster, 1879)",NE,culveri,Laeonereis culveri
2308740,Pontoscolex,NULL,NULL,NULL
2308740,Pontoscolex,NULL,NULL,NULL
2308740,Pontoscolex,NULL,NULL,NULL
2316674,"Sigambra grubii Müller, 1858",NE,grubii,Sigambra grubii
2308740,Pontoscolex,NULL,NULL,NULL
2308740,Pontoscolex,NULL,NULL,NULL
4410238,"Dichogaster bolaui (Michaelsen, 1891)",NE,bolaui,Dichogaster bolaui
2316367,"Laeonereis Hartman, 1945",NULL,NULL,NULL
2308741,"Pontoscolex corethrurus (Muller, 1856)",NE,corethrurus,Pontoscolex corethrurus
2316376,"Laeonereis culveri (Webster, 1879)",NE,culveri,Laeonereis culveri
2308740,Pontoscolex,NULL,NULL,NULL
2308740,Pontoscolex,NULL,NULL,NULL
2316376,"Laeonereis culveri (Webster, 1879)",NE,culveri,Laeonereis culveri
2308740,Pontoscolex,NULL,NULL,NULL
2308741,"Pontoscolex corethrurus (Muller, 1856)",NE,corethrurus,Pontoscolex corethrurus
2316659,"Sigambra Müller, 1858",NULL,NULL,NULL
2316376,"Laeonereis culveri (Webster, 1879)",NE,culveri,Laeonereis culveri
2308740,Pontoscolex,NULL,NULL,NULL
9512479,"Liodrilus mendesi Righi, 1994",NE,mendesi,Liodrilus mendesi
2318072,"Notomastus M.Sars, 1851",NULL,NULL,NULL
2308740,Pontoscolex,NULL,NULL,NULL
2308740,Pontoscolex,NULL,NULL,NULL
2311081,"Aphrodita Linnaeus, 1758",NULL,NULL,NULL
2308740,Pontoscolex,NULL,NULL,NULL
2308741,"Pontoscolex corethrurus (Muller, 1856)",NE,corethrurus,Pontoscolex corethrurus
9308346,"Righiodrilus tocantinensis (Righi, 1972)",NE,tocantinensis,Righiodrilus tocantinensis
2308740,Pontoscolex,NULL,NULL,NULL
2308740,Pontoscolex,NULL,NULL,NULL
2308740,Pontoscolex,NULL,NULL,NULL
2316247,"Neanthes Kinberg, 1865",NULL,NULL,NULL
2308740,Pontoscolex,NULL,NULL,NULL
4410234,"Dichogaster affinis (Michaelsen, 1890)",NE,affinis,Benhamia affinis
0,incertae sedis,NULL,NULL,NULL
2308740,Pontoscolex,NULL,NULL,NULL
2308740,Pontoscolex,NULL,NULL,NULL
2318072,"Notomastus M.Sars, 1851",NULL,NULL,NULL
9372448,"Urobenus petrerei Righi, 1985",NE,petrerei,Urobenus petrerei
2308741,"Pontoscolex corethrurus (Muller, 1856)",NE,corethrurus,Pontoscolex corethrurus
9512479,"Liodrilus mendesi Righi, 1994",NE,mendesi,Liodrilus mendesi
2318007,"Capitella Blainville, 1828",NULL,NULL,NULL
2318072,"Notomastus M.Sars, 1851",NULL,NULL,NULL
2308741,"Pontoscolex corethrurus (Muller, 1856)",NE,corethrurus,Pontoscolex corethrurus
9512479,"Liodrilus mendesi Righi, 1994",NE,mendesi,Liodrilus mendesi
2308740,Pontoscolex,NULL,NULL,NULL
11003839,"Rhinodrilus antonioi Hernández-García & Sousa, 2020",NE,antonioi,Rhinodrilus antonioi
2308741,"Pontoscolex corethrurus (Muller, 1856)",NE,corethrurus,Pontoscolex corethrurus
2308740,Pontoscolex,NULL,NULL,NULL
2308741,"Pontoscolex corethrurus (Muller, 1856)",NE,corethrurus,Pontoscolex corethrurus
2308741,"Pontoscolex corethrurus (Muller, 1856)",NE,corethrurus,Pontoscolex corethrurus
2308740,Pontoscolex,NULL,NULL,NULL
2308740,Pontoscolex,NULL,NULL,NULL
2308740,Pontoscolex,NULL,NULL,NULL
2308741,"Pontoscolex corethrurus (Muller, 1856)",NE,corethrurus,Pontoscolex corethrurus
2308741,"Pontoscolex corethrurus (Muller, 1856)",NE,corethrurus,Pontoscolex corethrurus
8166676,Oligochaeta,NULL,NULL,NULL
8166676,Oligochaeta,NULL,NULL,NULL
6964,Lumbriculidae,NULL,NULL,NULL
8166676,Oligochaeta,NULL,NULL,NULL
2487,Terebellidae,NULL,NULL,NULL
6964,Lumbriculidae,NULL,NULL,NULL
6964,Lumbriculidae,NULL,NULL,NULL
6964,Lumbriculidae,NULL,NULL,NULL
6964,Lumbriculidae,NULL,NULL,NULL
6964,Lumbriculidae,NULL,NULL,NULL
255,Clitellata,NE,NULL,NULL
8166676,Oligochaeta,NULL,NULL,NULL
8166676,Oligochaeta,NULL,NULL,NULL
6964,Lumbriculidae,NULL,NULL,NULL
6964,Lumbriculidae,NULL,NULL,NULL
8166676,Oligochaeta,NULL,NULL,NULL
8166676,Oligochaeta,NULL,NULL,NULL
8166676,Oligochaeta,NULL,NULL,NULL
8166676,Oligochaeta,NULL,NULL,NULL
8166676,Oligochaeta,NULL,NULL,NULL
8166676,Oligochaeta,NULL,NULL,NULL
6960,Naididae,NE,NULL,NULL
6964,Lumbriculidae,NULL,NULL,NULL
8166676,Oligochaeta,NULL,NULL,NULL
8166676,Oligochaeta,NULL,NULL,NULL
6964,Lumbriculidae,NULL,NULL,NULL
8166676,Oligochaeta,NULL,NULL,NULL
8166676,Oligochaeta,NULL,NULL,NULL
8166676,Oligochaeta,NULL,NULL,NULL
8166676,Oligochaeta,NULL,NULL,NULL
6964,Lumbriculidae,NULL,NULL,NULL
472,Haplotaxida,NE,NULL,NULL
6964,Lumbriculidae,NULL,NULL,NULL
8166676,Oligochaeta,NULL,NULL,NULL
8166676,Oligochaeta,NULL,NULL,NULL
8166676,Oligochaeta,NULL,NULL,NULL
8166676,Oligochaeta,NULL,NULL,NULL
8166676,Oligochaeta,NULL,NULL,NULL
8166676,Oligochaeta,NULL,NULL,NULL
255,Clitellata,NE,NULL,NULL
472,Haplotaxida,NE,NULL,NULL
8166676,Oligochaeta,NULL,NULL,NULL
8166676,Oligochaeta,NULL,NULL,NULL
8166676,Oligochaeta,NULL,NULL,NULL
8166676,Oligochaeta,NULL,NULL,NULL
472,Haplotaxida,NE,NULL,NULL
8166676,Oligochaeta,NULL,NULL,NULL
8166676,Oligochaeta,NULL,NULL,NULL
6964,Lumbriculidae,NULL,NULL,NULL
6964,Lumbriculidae,NULL,NULL,NULL
8166676,Oligochaeta,NULL,NULL,NULL
472,Haplotaxida,NE,NULL,NULL
8166676,Oligochaeta,NULL,NULL,NULL
472,Haplotaxida,NE,NULL,NULL
8166676,Oligochaeta,NULL,NULL,NULL
8166676,Oligochaeta,NULL,NULL,NULL
8166676,Oligochaeta,NULL,NULL,NULL
472,Haplotaxida,NE,NULL,NULL
472,Haplotaxida,NE,NULL,NULL
472,Haplotaxida,NE,NULL,NULL
472,Haplotaxida,NE,NULL,NULL
472,Haplotaxida,NE,NULL,NULL
472,Haplotaxida,NE,NULL,NULL
8166676,Oligochaeta,NULL,NULL,NULL
8166676,Oligochaeta,NULL,NULL,NULL
6964,Lumbriculidae,NULL,NULL,NULL
8166676,Oligochaeta,NULL,NULL,NULL
472,Haplotaxida,NE,NULL,NULL
8166676,Oligochaeta,NULL,NULL,NULL
472,Haplotaxida,NE,NULL,NULL
8166676,Oligochaeta,NULL,NULL,NULL
8166676,Oligochaeta,NULL,NULL,NULL
8166676,Oligochaeta,NULL,NULL,NULL
472,Haplotaxida,NE,NULL,NULL
6964,Lumbriculidae,NULL,NULL,NULL
472,Haplotaxida,NE,NULL,NULL
6964,Lumbriculidae,NULL,NULL,NULL
472,Haplotaxida,NE,NULL,NULL
472,Haplotaxida,NE,NULL,NULL
472,Haplotaxida,NE,NULL,NULL
8166676,Oligochaeta,NULL,NULL,NULL
472,Haplotaxida,NE,NULL,NULL
472,Haplotaxida,NE,NULL,NULL
472,Haplotaxida,NE,NULL,NULL
472,Haplotaxida,NE,NULL,NULL
6964,Lumbriculidae,NULL,NULL,NULL
6964,Lumbriculidae,NULL,NULL,NULL
8166676,Oligochaeta,NULL,NULL,NULL
8166676,Oligochaeta,NULL,NULL,NULL
472,Haplotaxida,NE,NULL,NULL
8166676,Oligochaeta,NULL,NULL,NULL
472,Haplotaxida,NE,NULL,NULL
472,Haplotaxida,NE,NULL,NULL
472,Haplotaxida,NE,NULL,NULL
8166676,Oligochaeta,NULL,NULL,NULL
472,Haplotaxida,NE,NULL,NULL
6964,Lumbriculidae,NULL,NULL,NULL
472,Haplotaxida,NE,NULL,NULL
472,Haplotaxida,NE,NULL,NULL
472,Haplotaxida,NE,NULL,NULL
472,Haplotaxida,NE,NULL,NULL
472,Haplotaxida,NE,NULL,NULL
472,Haplotaxida,NE,NULL,NULL
472,Haplotaxida,NE,NULL,NULL
472,Haplotaxida,NE,NULL,NULL
472,Haplotaxida,NE,NULL,NULL
472,Haplotaxida,NE,NULL,NULL
472,Haplotaxida,NE,NULL,NULL
472,Haplotaxida,NE,NULL,NULL
472,Haplotaxida,NE,NULL,NULL
472,Haplotaxida,NE,NULL,NULL
8166676,Oligochaeta,NULL,NULL,NULL
8166676,Oligochaeta,NULL,NULL,NULL
472,Haplotaxida,NE,NULL,NULL
472,Haplotaxida,NE,NULL,NULL
8166676,Oligochaeta,NULL,NULL,NULL
472,Haplotaxida,NE,NULL,NULL
8166676,Oligochaeta,NULL,NULL,NULL
472,Haplotaxida,NE,NULL,NULL
472,Haplotaxida,NE,NULL,NULL
472,Haplotaxida,NE,NULL,NULL
472,Haplotaxida,NE,NULL,NULL
472,Haplotaxida,NE,NULL,NULL
472,Haplotaxida,NE,NULL,NULL
472,Haplotaxida,NE,NULL,NULL
472,Haplotaxida,NE,NULL,NULL
472,Haplotaxida,NE,NULL,NULL
472,Haplotaxida,NE,NULL,NULL
472,Haplotaxida,NE,NULL,NULL
472,Haplotaxida,NE,NULL,NULL
472,Haplotaxida,NE,NULL,NULL
472,Haplotaxida,NE,NULL,NULL
472,Haplotaxida,NE,NULL,NULL
472,Haplotaxida,NE,NULL,NULL
472,Haplotaxida,NE,NULL,NULL
472,Haplotaxida,NE,NULL,NULL
472,Haplotaxida,NE,NULL,NULL
472,Haplotaxida,NE,NULL,NULL
472,Haplotaxida,NE,NULL,NULL
472,Haplotaxida,NE,NULL,NULL
472,Haplotaxida,NE,NULL,NULL
472,Haplotaxida,NE,NULL,NULL
472,Haplotaxida,NE,NULL,NULL
472,Haplotaxida,NE,NULL,NULL
472,Haplotaxida,NE,NULL,NULL
472,Haplotaxida,NE,NULL,NULL
472,Haplotaxida,NE,NULL,NULL
472,Haplotaxida,NE,NULL,NULL
472,Haplotaxida,NE,NULL,NULL
472,Haplotaxida,NE,NULL,NULL
472,Haplotaxida,NE,NULL,NULL
472,Haplotaxida,NE,NULL,NULL
472,Haplotaxida,NE,NULL,NULL
8166676,Oligochaeta,NULL,NULL,NULL
472,Haplotaxida,NE,NULL,NULL
472,Haplotaxida,NE,NULL,NULL
472,Haplotaxida,NE,NULL,NULL
472,Haplotaxida,NE,NULL,NULL
472,Haplotaxida,NE,NULL,NULL
472,Haplotaxida,NE,NULL,NULL
472,Haplotaxida,NE,NULL,NULL
472,Haplotaxida,NE,NULL,NULL
472,Haplotaxida,NE,NULL,NULL
472,Haplotaxida,NE,NULL,NULL
472,Haplotaxida,NE,NULL,NULL
472,Haplotaxida,NE,NULL,NULL
472,Haplotaxida,NE,NULL,NULL
472,Haplotaxida,NE,NULL,NULL
472,Haplotaxida,NE,NULL,NULL
472,Haplotaxida,NE,NULL,NULL
472,Haplotaxida,NE,NULL,NULL
472,Haplotaxida,NE,NULL,NULL
472,Haplotaxida,NE,NULL,NULL
255,Clitellata,NE,NULL,NULL
472,Haplotaxida,NE,NULL,NULL
472,Haplotaxida,NE,NULL,NULL
472,Haplotaxida,NE,NULL,NULL
472,Haplotaxida,NE,NULL,NULL
472,Haplotaxida,NE,NULL,NULL
472,Haplotaxida,NE,NULL,NULL
472,Haplotaxida,NE,NULL,NULL
472,Haplotaxida,NE,NULL,NULL
472,Haplotaxida,NE,NULL,NULL
472,Haplotaxida,NE,NULL,NULL
472,Haplotaxida,NE,NULL,NULL
472,Haplotaxida,NE,NULL,NULL
472,Haplotaxida,NE,NULL,NULL
472,Haplotaxida,NE,NULL,NULL
472,Haplotaxida,NE,NULL,NULL
472,Haplotaxida,NE,NULL,NULL
472,Haplotaxida,NE,NULL,NULL
8166676,Oligochaeta,NULL,NULL,NULL
472,Haplotaxida,NE,NULL,NULL
472,Haplotaxida,NE,NULL,NULL
472,Haplotaxida,NE,NULL,NULL
8166676,Oligochaeta,NULL,NULL,NULL
255,Clitellata,NE,NULL,NULL
472,Haplotaxida,NE,NULL,NULL
8166676,Oligochaeta,NULL,NULL,NULL
472,Haplotaxida,NE,NULL,NULL
4410240,"Dichogaster saliens (Beddard, 1893)",NE,saliens,Dichogaster saliens
0,incertae sedis,NULL,NULL,NULL
11036641,"Urobenus Benham, 1886",NULL,NULL,NULL
2308743,"Diachaeta Benham, 1886",NULL,NULL,NULL
9690499,"Wegeneriella divergens itapecu Righi, Ayres & Bittencourt, 1978",NULL,divergens,Wegeneriella divergens
9690499,"Wegeneriella divergens itapecu Righi, Ayres & Bittencourt, 1978",NULL,divergens,Wegeneriella divergens
11036641,"Urobenus Benham, 1886",NULL,NULL,NULL
9588531,"Urobenus brasiliensis Benham, 1886",NE,brasiliensis,Rhinodrilus brasiliensis
0,incertae sedis,NULL,NULL,NULL
9030965,Dichogaster bolaui bolaui,NULL,bolaui,Dichogaster bolaui
9478130,"Dichogaster andina evae Righi, Ayres & Bittencourt, 1978",NULL,andina,Dichogaster andina
2308741,"Pontoscolex corethrurus (Muller, 1856)",NE,corethrurus,Pontoscolex corethrurus
9372448,"Urobenus petrerei Righi, 1985",NE,petrerei,Urobenus petrerei
0,incertae sedis,NULL,NULL,NULL
9478130,"Dichogaster andina evae Righi, Ayres & Bittencourt, 1978",NULL,andina,Dichogaster andina
0,incertae sedis,NULL,NULL,NULL
9290436,"Rhinodrilus jucundus Righi, 1985",NE,jucundus,Rhinodrilus jucundus
9030965,Dichogaster bolaui bolaui,NULL,bolaui,Dichogaster bolaui
9030965,Dichogaster bolaui bolaui,NULL,bolaui,Dichogaster bolaui
0,incertae sedis,NULL,NULL,NULL
0,incertae sedis,NULL,NULL,NULL
0,incertae sedis,NULL,NULL,NULL
9290436,"Rhinodrilus jucundus Righi, 1985",NE,jucundus,Rhinodrilus jucundus
2308741,"Pontoscolex corethrurus (Muller, 1856)",NE,corethrurus,Pontoscolex corethrurus
2308805,"Cylicobdella joseensis (Grube & Örsted, 1859)",NE,joseensis,Centropygos joseensis
11036641,"Urobenus Benham, 1886",NULL,NULL,NULL
0,incertae sedis,NULL,NULL,NULL
9478130,"Dichogaster andina evae Righi, Ayres & Bittencourt, 1978",NULL,andina,Dichogaster andina
9290436,"Rhinodrilus jucundus Righi, 1985",NE,jucundus,Rhinodrilus jucundus
9478130,"Dichogaster andina evae Righi, Ayres & Bittencourt, 1978",NULL,andina,Dichogaster andina
0,incertae sedis,NULL,NULL,NULL
3267625,"Holoscolex Cognetti de Martiis, 1904",NULL,NULL,NULL
4813777,"Turedrilus Righi, 1993",NULL,NULL,NULL
4813777,"Turedrilus Righi, 1993",NULL,NULL,NULL
4813777,"Turedrilus Righi, 1993",NULL,NULL,NULL
3267625,"Holoscolex Cognetti de Martiis, 1904",NULL,NULL,NULL
3267625,"Holoscolex Cognetti de Martiis, 1904",NULL,NULL,NULL
9478130,"Dichogaster andina evae Righi, Ayres & Bittencourt, 1978",NULL,andina,Dichogaster andina
3267625,"Holoscolex Cognetti de Martiis, 1904",NULL,NULL,NULL
3267625,"Holoscolex Cognetti de Martiis, 1904",NULL,NULL,NULL
3267625,"Holoscolex Cognetti de Martiis, 1904",NULL,NULL,NULL
4813777,"Turedrilus Righi, 1993",NULL,NULL,NULL
4813777,"Turedrilus Righi, 1993",NULL,NULL,NULL
3267625,"Holoscolex Cognetti de Martiis, 1904",NULL,NULL,NULL
3267625,"Holoscolex Cognetti de Martiis, 1904",NULL,NULL,NULL
3267625,"Holoscolex Cognetti de Martiis, 1904",NULL,NULL,NULL
9654106,"Dichogaster servi Righi & Ayres, 1975",NE,servi,Dichogaster servi
3267625,"Holoscolex Cognetti de Martiis, 1904",NULL,NULL,NULL
4813777,"Turedrilus Righi, 1993",NULL,NULL,NULL
3267625,"Holoscolex Cognetti de Martiis, 1904",NULL,NULL,NULL
0,incertae sedis,NULL,NULL,NULL
3267625,"Holoscolex Cognetti de Martiis, 1904",NULL,NULL,NULL
4813777,"Turedrilus Righi, 1993",NULL,NULL,NULL
3267625,"Holoscolex Cognetti de Martiis, 1904",NULL,NULL,NULL
3267625,"Holoscolex Cognetti de Martiis, 1904",NULL,NULL,NULL
4813777,"Turedrilus Righi, 1993",NULL,NULL,NULL
4813886,"Righiodrilus Zicsi, 1995",NULL,NULL,NULL
4813886,"Righiodrilus Zicsi, 1995",NULL,NULL,NULL
3267625,"Holoscolex Cognetti de Martiis, 1904",NULL,NULL,NULL
4813886,"Righiodrilus Zicsi, 1995",NULL,NULL,NULL
4813777,"Turedrilus Righi, 1993",NULL,NULL,NULL
4813886,"Righiodrilus Zicsi, 1995",NULL,NULL,NULL
4813886,"Righiodrilus Zicsi, 1995",NULL,NULL,NULL
4813886,"Righiodrilus Zicsi, 1995",NULL,NULL,NULL
0,incertae sedis,NULL,NULL,NULL
0,incertae sedis,NULL,NULL,NULL
4813886,"Righiodrilus Zicsi, 1995",NULL,NULL,NULL
3267625,"Holoscolex Cognetti de Martiis, 1904",NULL,NULL,NULL
4813886,"Righiodrilus Zicsi, 1995",NULL,NULL,NULL
4813886,"Righiodrilus Zicsi, 1995",NULL,NULL,NULL
0,incertae sedis,NULL,NULL,NULL
4813886,"Righiodrilus Zicsi, 1995",NULL,NULL,NULL
0,incertae sedis,NULL,NULL,NULL
3267625,"Holoscolex Cognetti de Martiis, 1904",NULL,NULL,NULL
10944581,"Rhinodrilus Perrier, 1872",NULL,NULL,NULL
4813886,"Righiodrilus Zicsi, 1995",NULL,NULL,NULL
3267625,"Holoscolex Cognetti de Martiis, 1904",NULL,NULL,NULL
4813886,"Righiodrilus Zicsi, 1995",NULL,NULL,NULL
4813886,"Righiodrilus Zicsi, 1995",NULL,NULL,NULL
4813886,"Righiodrilus Zicsi, 1995",NULL,NULL,NULL
2308741,"Pontoscolex corethrurus (Muller, 1856)",NE,corethrurus,Pontoscolex corethrurus
0,incertae sedis,NULL,NULL,NULL
4813886,"Righiodrilus Zicsi, 1995",NULL,NULL,NULL
0,incertae sedis,NULL,NULL,NULL
4813886,"Righiodrilus Zicsi, 1995",NULL,NULL,NULL
4813886,"Righiodrilus Zicsi, 1995",NULL,NULL,NULL
0,incertae sedis,NULL,NULL,NULL
0,incertae sedis,NULL,NULL,NULL
3267625,"Holoscolex Cognetti de Martiis, 1904",NULL,NULL,NULL
4813886,"Righiodrilus Zicsi, 1995",NULL,NULL,NULL
4813693,"Glossodrilus Cognetti de Martiis, 1905",NULL,NULL,NULL
0,incertae sedis,NULL,NULL,NULL
4813693,"Glossodrilus Cognetti de Martiis, 1905",NULL,NULL,NULL
4813886,"Righiodrilus Zicsi, 1995",NULL,NULL,NULL
0,incertae sedis,NULL,NULL,NULL
4813886,"Righiodrilus Zicsi, 1995",NULL,NULL,NULL
3267625,"Holoscolex Cognetti de Martiis, 1904",NULL,NULL,NULL
0,incertae sedis,NULL,NULL,NULL
4813886,"Righiodrilus Zicsi, 1995",NULL,NULL,NULL
0,incertae sedis,NULL,NULL,NULL
0,incertae sedis,NULL,NULL,NULL
4813693,"Glossodrilus Cognetti de Martiis, 1905",NULL,NULL,NULL
4813886,"Righiodrilus Zicsi, 1995",NULL,NULL,NULL
3267625,"Holoscolex Cognetti de Martiis, 1904",NULL,NULL,NULL
0,incertae sedis,NULL,NULL,NULL
10944581,"Rhinodrilus Perrier, 1872",NULL,NULL,NULL
4813886,"Righiodrilus Zicsi, 1995",NULL,NULL,NULL
2308741,"Pontoscolex corethrurus (Muller, 1856)",NE,corethrurus,Pontoscolex corethrurus
4813777,"Turedrilus Righi, 1993",NULL,NULL,NULL
4813886,"Righiodrilus Zicsi, 1995",NULL,NULL,NULL
2308772,"Diaguita Cordero, 1942",NULL,NULL,NULL
2308772,"Diaguita Cordero, 1942",NULL,NULL,NULL
0,incertae sedis,NULL,NULL,NULL
2308741,"Pontoscolex corethrurus (Muller, 1856)",NE,corethrurus,Pontoscolex corethrurus
2308741,"Pontoscolex corethrurus (Muller, 1856)",NE,corethrurus,Pontoscolex corethrurus
10943108,"Pontoscolex Schmarda, 1861",NULL,NULL,NULL
10943108,"Pontoscolex Schmarda, 1861",NULL,NULL,NULL
4813886,"Righiodrilus Zicsi, 1995",NULL,NULL,NULL
2308741,"Pontoscolex corethrurus (Muller, 1856)",NE,corethrurus,Pontoscolex corethrurus
10943108,"Pontoscolex Schmarda, 1861",NULL,NULL,NULL
2308741,"Pontoscolex corethrurus (Muller, 1856)",NE,corethrurus,Pontoscolex corethrurus
4813886,"Righiodrilus Zicsi, 1995",NULL,NULL,NULL
4813886,"Righiodrilus Zicsi, 1995",NULL,NULL,NULL
4813693,"Glossodrilus Cognetti de Martiis, 1905",NULL,NULL,NULL
2308741,"Pontoscolex corethrurus (Muller, 1856)",NE,corethrurus,Pontoscolex corethrurus
2308741,"Pontoscolex corethrurus (Muller, 1856)",NE,corethrurus,Pontoscolex corethrurus
4813777,"Turedrilus Righi, 1993",NULL,NULL,NULL
2308741,"Pontoscolex corethrurus (Muller, 1856)",NE,corethrurus,Pontoscolex corethrurus
2308741,"Pontoscolex corethrurus (Muller, 1856)",NE,corethrurus,Pontoscolex corethrurus
10943108,"Pontoscolex Schmarda, 1861",NULL,NULL,NULL
4813777,"Turedrilus Righi, 1993",NULL,NULL,NULL
2308741,"Pontoscolex corethrurus (Muller, 1856)",NE,corethrurus,Pontoscolex corethrurus
0,incertae sedis,NULL,NULL,NULL
2308798,Andiorrhinus (Quibario) Quibario,NULL,NULL,NULL
0,incertae sedis,NULL,NULL,NULL
0,incertae sedis,NULL,NULL,NULL
4813886,"Righiodrilus Zicsi, 1995",NULL,NULL,NULL
2308798,Andiorrhinus (Quibario) Quibario,NULL,NULL,NULL
2308741,"Pontoscolex corethrurus (Muller, 1856)",NE,corethrurus,Pontoscolex corethrurus
2308798,Andiorrhinus (Quibario) Quibario,NULL,NULL,NULL
2308741,"Pontoscolex corethrurus (Muller, 1856)",NE,corethrurus,Pontoscolex corethrurus
0,incertae sedis,NULL,NULL,NULL
4813886,"Righiodrilus Zicsi, 1995",NULL,NULL,NULL
2308798,Andiorrhinus (Quibario) Quibario,NULL,NULL,NULL
4813886,"Righiodrilus Zicsi, 1995",NULL,NULL,NULL
2308798,Andiorrhinus (Quibario) Quibario,NULL,NULL,NULL
0,incertae sedis,NULL,NULL,NULL
0,incertae sedis,NULL,NULL,NULL
0,incertae sedis,NULL,NULL,NULL
2308741,"Pontoscolex corethrurus (Muller, 1856)",NE,corethrurus,Pontoscolex corethrurus
0,incertae sedis,NULL,NULL,NULL
2308798,Andiorrhinus (Quibario) Quibario,NULL,NULL,NULL
10943108,"Pontoscolex Schmarda, 1861",NULL,NULL,NULL
4813777,"Turedrilus Righi, 1993",NULL,NULL,NULL
4813693,"Glossodrilus Cognetti de Martiis, 1905",NULL,NULL,NULL
10944581,"Rhinodrilus Perrier, 1872",NULL,NULL,NULL
2320536,"Magelona F.Müller, 1858",NULL,NULL,NULL
2308741,"Pontoscolex corethrurus (Muller, 1856)",NE,corethrurus,Pontoscolex corethrurus
2308798,Andiorrhinus (Quibario) Quibario,NULL,NULL,NULL
2318045,"Mediomastus Hartman, 1944",NULL,NULL,NULL
0,incertae sedis,NULL,NULL,NULL
2308798,Andiorrhinus (Quibario) Quibario,NULL,NULL,NULL
2318044,"Capitella ovincola Hartman, 1947",NE,ovincola,Capitella ovincola
2325694,"Isolda pulchella Müller, 1858",NE,pulchella,Isolda pulchella
0,incertae sedis,NULL,NULL,NULL
0,incertae sedis,NULL,NULL,NULL
0,incertae sedis,NULL,NULL,NULL
7236645,"Leodamas Kinberg, 1866",NULL,NULL,NULL
2320997,"Boccardiella Blake & Kudenov, 1978",NULL,NULL,NULL
2308741,"Pontoscolex corethrurus (Muller, 1856)",NE,corethrurus,Pontoscolex corethrurus
0,incertae sedis,NULL,NULL,NULL
2308798,Andiorrhinus (Quibario) Quibario,NULL,NULL,NULL
0,incertae sedis,NULL,NULL,NULL
4813886,"Righiodrilus Zicsi, 1995",NULL,NULL,NULL
2308798,Andiorrhinus (Quibario) Quibario,NULL,NULL,NULL
2308798,Andiorrhinus (Quibario) Quibario,NULL,NULL,NULL
2325230,"Loimia Malmgren, 1866",NULL,NULL,NULL
2308798,Andiorrhinus (Quibario) Quibario,NULL,NULL,NULL
10944581,"Rhinodrilus Perrier, 1872",NULL,NULL,NULL
2308798,Andiorrhinus (Quibario) Quibario,NULL,NULL,NULL
2308798,Andiorrhinus (Quibario) Quibario,NULL,NULL,NULL
0,incertae sedis,NULL,NULL,NULL
8132035,"Phyllodoce Lamarck, 1818",NULL,NULL,NULL
2308798,Andiorrhinus (Quibario) Quibario,NULL,NULL,NULL
2318015,"Capitella capitata (Fabricius, 1780)",NE,capitata,Capitella capitata
0,incertae sedis,NULL,NULL,NULL
5196110,"Neanthes succinea (Leuckart, 1847)",NE,succinea,Alitta succinea
5196110,"Neanthes succinea (Leuckart, 1847)",NE,succinea,Alitta succinea
0,incertae sedis,NULL,NULL,NULL
5199278,"Sabellaria wilsoni Lana & Gruet, 1989",NE,wilsoni,Sabellaria wilsoni
2314458,"Chaetacanthus Seidler, 1922",NULL,NULL,NULL
2312507,"Hemipodus Quatrefages, 1866",NULL,NULL,NULL
10943108,"Pontoscolex Schmarda, 1861",NULL,NULL,NULL
2316376,"Laeonereis culveri (Webster, 1879)",NE,culveri,Laeonereis culveri
8132035,"Phyllodoce Lamarck, 1818",NULL,NULL,NULL
2308741,"Pontoscolex corethrurus (Muller, 1856)",NE,corethrurus,Pontoscolex corethrurus
2308741,"Pontoscolex corethrurus (Muller, 1856)",NE,corethrurus,Pontoscolex corethrurus
10943108,"Pontoscolex Schmarda, 1861",NULL,NULL,NULL
10708099,"Syllis Lamarck, 1818",NULL,NULL,NULL
0,incertae sedis,NULL,NULL,NULL
2309126,"Bonuania Pillai, 1965",NULL,NULL,NULL
10943108,"Pontoscolex Schmarda, 1861",NULL,NULL,NULL
2322157,"Marphysa Quatrefages, 1866",NULL,NULL,NULL
2312057,"Eulalia Savigny, 1822",NULL,NULL,NULL
2315785,"Ceratonereis Kinberg, 1865",NULL,NULL,NULL
6453799,"Nereis oligohalina (Rioja, 1946)",NE,oligohalina,Nereis oligohalina
6453799,"Nereis oligohalina (Rioja, 1946)",NE,oligohalina,Nereis oligohalina
0,incertae sedis,NULL,NULL,NULL
0,incertae sedis,NULL,NULL,NULL
10943108,"Pontoscolex Schmarda, 1861",NULL,NULL,NULL
2328495,"Hydroides Gunnerus, 1768",NULL,NULL,NULL
0,incertae sedis,NULL,NULL,NULL
0,incertae sedis,NULL,NULL,NULL
0,incertae sedis,NULL,NULL,NULL
0,incertae sedis,NULL,NULL,NULL
0,incertae sedis,NULL,NULL,NULL
0,incertae sedis,NULL,NULL,NULL
0,incertae sedis,NULL,NULL,NULL
0,incertae sedis,NULL,NULL,NULL
0,incertae sedis,NULL,NULL,NULL
0,incertae sedis,NULL,NULL,NULL
0,incertae sedis,NULL,NULL,NULL
0,incertae sedis,NULL,NULL,NULL
0,incertae sedis,NULL,NULL,NULL
0,incertae sedis,NULL,NULL,NULL
0,incertae sedis,NULL,NULL,NULL
0,incertae sedis,NULL,NULL,NULL
0,incertae sedis,NULL,NULL,NULL
0,incertae sedis,NULL,NULL,NULL
0,incertae sedis,NULL,NULL,NULL
0,incertae sedis,NULL,NULL,NULL
0,incertae sedis,NULL,NULL,NULL
0,incertae sedis,NULL,NULL,NULL
0,incertae sedis,NULL,NULL,NULL
0,incertae sedis,NULL,NULL,NULL
0,incertae sedis,NULL,NULL,NULL
0,incertae sedis,NULL,NULL,NULL
10943108,"Pontoscolex Schmarda, 1861",NULL,NULL,NULL
0,incertae sedis,NULL,NULL,NULL
0,incertae sedis,NULL,NULL,NULL
10943108,"Pontoscolex Schmarda, 1861",NULL,NULL,NULL
10943108,"Pontoscolex Schmarda, 1861",NULL,NULL,NULL
10943108,"Pontoscolex Schmarda, 1861",NULL,NULL,NULL
0,incertae sedis,NULL,NULL,NULL
0,incertae sedis,NULL,NULL,NULL
0,incertae sedis,NULL,NULL,NULL
0,incertae sedis,NULL,NULL,NULL
10943108,"Pontoscolex Schmarda, 1861",NULL,NULL,NULL
0,incertae sedis,NULL,NULL,NULL
10943108,"Pontoscolex Schmarda, 1861",NULL,NULL,NULL
10943108,"Pontoscolex Schmarda, 1861",NULL,NULL,NULL
0,incertae sedis,NULL,NULL,NULL
10943108,"Pontoscolex Schmarda, 1861",NULL,NULL,NULL
0,incertae sedis,NULL,NULL,NULL
0,incertae sedis,NULL,NULL,NULL
0,incertae sedis,NULL,NULL,NULL
0,incertae sedis,NULL,NULL,NULL
10943108,"Pontoscolex Schmarda, 1861",NULL,NULL,NULL
0,incertae sedis,NULL,NULL,NULL
10943108,"Pontoscolex Schmarda, 1861",NULL,NULL,NULL
0,incertae sedis,NULL,NULL,NULL
0,incertae sedis,NULL,NULL,NULL
0,incertae sedis,NULL,NULL,NULL
10943108,"Pontoscolex Schmarda, 1861",NULL,NULL,NULL
0,incertae sedis,NULL,NULL,NULL
0,incertae sedis,NULL,NULL,NULL
0,incertae sedis,NULL,NULL,NULL
0,incertae sedis,NULL,NULL,NULL
0,incertae sedis,NULL,NULL,NULL
0,incertae sedis,NULL,NULL,NULL
10943108,"Pontoscolex Schmarda, 1861",NULL,NULL,NULL
0,incertae sedis,NULL,NULL,NULL
0,incertae sedis,NULL,NULL,NULL
0,incertae sedis,NULL,NULL,NULL
0,incertae sedis,NULL,NULL,NULL
0,incertae sedis,NULL,NULL,NULL
0,incertae sedis,NULL,NULL,NULL
10943108,"Pontoscolex Schmarda, 1861",NULL,NULL,NULL
0,incertae sedis,NULL,NULL,NULL
10943108,"Pontoscolex Schmarda, 1861",NULL,NULL,NULL
0,incertae sedis,NULL,NULL,NULL
0,incertae sedis,NULL,NULL,NULL
0,incertae sedis,NULL,NULL,NULL
0,incertae sedis,NULL,NULL,NULL
2308741,"Pontoscolex corethrurus (Muller, 1856)",NE,corethrurus,Pontoscolex corethrurus
0,incertae sedis,NULL,NULL,NULL
0,incertae sedis,NULL,NULL,NULL
0,incertae sedis,NULL,NULL,NULL
2308741,"Pontoscolex corethrurus (Muller, 1856)",NE,corethrurus,Pontoscolex corethrurus
0,incertae sedis,NULL,NULL,NULL
2308741,"Pontoscolex corethrurus (Muller, 1856)",NE,corethrurus,Pontoscolex corethrurus
0,incertae sedis,NULL,NULL,NULL
0,incertae sedis,NULL,NULL,NULL
0,incertae sedis,NULL,NULL,NULL
0,incertae sedis,NULL,NULL,NULL
0,incertae sedis,NULL,NULL,NULL
2308741,"Pontoscolex corethrurus (Muller, 1856)",NE,corethrurus,Pontoscolex corethrurus
2308741,"Pontoscolex corethrurus (Muller, 1856)",NE,corethrurus,Pontoscolex corethrurus
2308741,"Pontoscolex corethrurus (Muller, 1856)",NE,corethrurus,Pontoscolex corethrurus
2308741,"Pontoscolex corethrurus (Muller, 1856)",NE,corethrurus,Pontoscolex corethrurus
10943108,"Pontoscolex Schmarda, 1861",NULL,NULL,NULL
2308741,"Pontoscolex corethrurus (Muller, 1856)",NE,corethrurus,Pontoscolex corethrurus
2308741,"Pontoscolex corethrurus (Muller, 1856)",NE,corethrurus,Pontoscolex corethrurus
0,incertae sedis,NULL,NULL,NULL
0,incertae sedis,NULL,NULL,NULL
0,incertae sedis,NULL,NULL,NULL
0,incertae sedis,NULL,NULL,NULL
0,incertae sedis,NULL,NULL,NULL
2308741,"Pontoscolex corethrurus (Muller, 1856)",NE,corethrurus,Pontoscolex corethrurus
2308741,"Pontoscolex corethrurus (Muller, 1856)",NE,corethrurus,Pontoscolex corethrurus
2308741,"Pontoscolex corethrurus (Muller, 1856)",NE,corethrurus,Pontoscolex corethrurus
2308741,"Pontoscolex corethrurus (Muller, 1856)",NE,corethrurus,Pontoscolex corethrurus
2308741,"Pontoscolex corethrurus (Muller, 1856)",NE,corethrurus,Pontoscolex corethrurus
2308741,"Pontoscolex corethrurus (Muller, 1856)",NE,corethrurus,Pontoscolex corethrurus
2308741,"Pontoscolex corethrurus (Muller, 1856)",NE,corethrurus,Pontoscolex corethrurus
2308741,"Pontoscolex corethrurus (Muller, 1856)",NE,corethrurus,Pontoscolex corethrurus
2308741,"Pontoscolex corethrurus (Muller, 1856)",NE,corethrurus,Pontoscolex corethrurus
2308741,"Pontoscolex corethrurus (Muller, 1856)",NE,corethrurus,Pontoscolex corethrurus
2308741,"Pontoscolex corethrurus (Muller, 1856)",NE,corethrurus,Pontoscolex corethrurus
2308741,"Pontoscolex corethrurus (Muller, 1856)",NE,corethrurus,Pontoscolex corethrurus
2308741,"Pontoscolex corethrurus (Muller, 1856)",NE,corethrurus,Pontoscolex corethrurus
2308741,"Pontoscolex corethrurus (Muller, 1856)",NE,corethrurus,Pontoscolex corethrurus
2308741,"Pontoscolex corethrurus (Muller, 1856)",NE,corethrurus,Pontoscolex corethrurus
2308741,"Pontoscolex corethrurus (Muller, 1856)",NE,corethrurus,Pontoscolex corethrurus
2308741,"Pontoscolex corethrurus (Muller, 1856)",NE,corethrurus,Pontoscolex corethrurus
2308741,"Pontoscolex corethrurus (Muller, 1856)",NE,corethrurus,Pontoscolex corethrurus
2308741,"Pontoscolex corethrurus (Muller, 1856)",NE,corethrurus,Pontoscolex corethrurus
2308741,"Pontoscolex corethrurus (Muller, 1856)",NE,corethrurus,Pontoscolex corethrurus
2308741,"Pontoscolex corethrurus (Muller, 1856)",NE,corethrurus,Pontoscolex corethrurus
2308741,"Pontoscolex corethrurus (Muller, 1856)",NE,corethrurus,Pontoscolex corethrurus
2308741,"Pontoscolex corethrurus (Muller, 1856)",NE,corethrurus,Pontoscolex corethrurus
2308741,"Pontoscolex corethrurus (Muller, 1856)",NE,corethrurus,Pontoscolex corethrurus
2308741,"Pontoscolex corethrurus (Muller, 1856)",NE,corethrurus,Pontoscolex corethrurus
2308741,"Pontoscolex corethrurus (Muller, 1856)",NE,corethrurus,Pontoscolex corethrurus
2308741,"Pontoscolex corethrurus (Muller, 1856)",NE,corethrurus,Pontoscolex corethrurus
2308741,"Pontoscolex corethrurus (Muller, 1856)",NE,corethrurus,Pontoscolex corethrurus
2308741,"Pontoscolex corethrurus (Muller, 1856)",NE,corethrurus,Pontoscolex corethrurus
2308741,"Pontoscolex corethrurus (Muller, 1856)",NE,corethrurus,Pontoscolex corethrurus
2308741,"Pontoscolex corethrurus (Muller, 1856)",NE,corethrurus,Pontoscolex corethrurus
2308741,"Pontoscolex corethrurus (Muller, 1856)",NE,corethrurus,Pontoscolex corethrurus
2308741,"Pontoscolex corethrurus (Muller, 1856)",NE,corethrurus,Pontoscolex corethrurus
2308741,"Pontoscolex corethrurus (Muller, 1856)",NE,corethrurus,Pontoscolex corethrurus
2308741,"Pontoscolex corethrurus (Muller, 1856)",NE,corethrurus,Pontoscolex corethrurus
2308741,"Pontoscolex corethrurus (Muller, 1856)",NE,corethrurus,Pontoscolex corethrurus
2308741,"Pontoscolex corethrurus (Muller, 1856)",NE,corethrurus,Pontoscolex corethrurus
2308741,"Pontoscolex corethrurus (Muller, 1856)",NE,corethrurus,Pontoscolex corethrurus
2308741,"Pontoscolex corethrurus (Muller, 1856)",NE,corethrurus,Pontoscolex corethrurus
2308741,"Pontoscolex corethrurus (Muller, 1856)",NE,corethrurus,Pontoscolex corethrurus
2308741,"Pontoscolex corethrurus (Muller, 1856)",NE,corethrurus,Pontoscolex corethrurus
2308741,"Pontoscolex corethrurus (Muller, 1856)",NE,corethrurus,Pontoscolex corethrurus
2308741,"Pontoscolex corethrurus (Muller, 1856)",NE,corethrurus,Pontoscolex corethrurus
2308741,"Pontoscolex corethrurus (Muller, 1856)",NE,corethrurus,Pontoscolex corethrurus
2308741,"Pontoscolex corethrurus (Muller, 1856)",NE,corethrurus,Pontoscolex corethrurus
2308741,"Pontoscolex corethrurus (Muller, 1856)",NE,corethrurus,Pontoscolex corethrurus
2308741,"Pontoscolex corethrurus (Muller, 1856)",NE,corethrurus,Pontoscolex corethrurus
2308741,"Pontoscolex corethrurus (Muller, 1856)",NE,corethrurus,Pontoscolex corethrurus
2308741,"Pontoscolex corethrurus (Muller, 1856)",NE,corethrurus,Pontoscolex corethrurus
2308741,"Pontoscolex corethrurus (Muller, 1856)",NE,corethrurus,Pontoscolex corethrurus
2308741,"Pontoscolex corethrurus (Muller, 1856)",NE,corethrurus,Pontoscolex corethrurus